{
  "timestamp": "20250828_112029",
  "simulation_success": true,
  "points_simulated": 1156,
  "time_range": [
    0.0,
    10000000.0
  ],
  "hypothesis_tests": {
    "dynamic_constants": {
      "supported": true,
      "variations": {
        "G": {
          "change_percent": 16.666666666666657,
          "max_variation_percent": 25.73627562054554
        },
        "c": {
          "change_percent": 15.254237288135592,
          "max_variation_percent": 23.55523531371966
        },
        "h": {
          "change_percent": 13.793103448275854,
          "max_variation_percent": 21.29898672045148
        },
        "alpha": {
          "change_percent": 10.714285714285728,
          "max_variation_percent": 16.54474861320787
        }
      },
      "most_variable": "G"
    },
    "tardis_universe": {
      "supported": "True",
      "compression_growth": 117038.77185639851,
      "scale_growth": 9.999348729467077e+17
    }
  },
  "final_scale_factor": 9999348729.467077,
  "final_temperature": 1839.498724496467,
  "final_compression": 117038.77185639851
}