{
  "timestamp": "20250828_103830",
  "hypothesis_analysis": {
    "dynamic_constants": {
      "supported": true,
      "max_variations": {
        "c": 16.015981111324972,
        "G": 17.374612051694573,
        "h": 14.999999850000004,
        "alpha": 7.999999999919999
      }
    },
    "tardis_universe": {
      "supported": "True",
      "compression_growth": 4.641588833334264e+32,
      "internal_growth": 4.641588833334264e+32,
      "compression_factor": 4.641588833334264e+32
    }
  },
  "observational_predictions": {
    "cmb_temperature_predicted": 5.870834530336908e-33,
    "cmb_anisotropy_signature": 215443469003.18793,
    "alpha_variation": -0.07407407407338817,
    "c_variation": -0.0993942968384639,
    "hubble_apparent": 67.4,
    "hubble_real": 0.0,
    "compression_signature": 4.6415888336127596e+32,
    "quantum_foam_density": 2.1544346900318656e+65
  },
  "simulation_success": true,
  "data_points": 1000,
  "time_range": "1.00e-44 to 1.00e+17 seconds"
}