{
  "timestamp": "20250828_103811",
  "hypothesis_analysis": {
    "dynamic_constants": {
      "supported": true,
      "max_variations": {
        "c": 16.015981111324972,
        "G": 17.374612051694573,
        "h": 14.999999850000004,
        "alpha": 7.999999999919999
      }
    },
    "tardis_universe": {
      "supported": 